<table directory="assets">
	<object path="units/pd2_dlc_dah/characters/dah_acc_stealth_suit/dah_acc_stealth_suit"/>
	<object path="units/pd2_dlc_trd/characters/trd_acc_peacoat/trd_acc_peacoat_male_big/trd_acc_peacoat_male_big"/>
	<object path="units/pd2_dlc_tstp/characters/tstp_acc_hitman/tstp_acc_hitman_female_average/tstp_acc_hitman_female_average"/>
	<object path="units/pd2_dlc_trd/characters/trd_acc_peacoat/trd_acc_peacoat_male_average/trd_acc_peacoat_male_average"/>
	<object path="units/pd2_dlc_trd/characters/trd_acc_peacoat/trd_acc_peacoat_female_big/trd_acc_peacoat_female_big"/>
	<object path="units/pd2_dlc_trd/characters/trd_acc_peacoat/trd_acc_peacoat_female_average/trd_acc_peacoat_female_average"/>
	<object path="units/pd2_dlc_tstp/characters/tstp_acc_hitman/tstp_acc_hitman_female_fat/tstp_acc_hitman_female_fat"/>
	<object path="units/pd2_dlc_tstp/characters/tstp_acc_hitman/tstp_acc_hitman_male_big/tstp_acc_hitman_male_big"/>
	<object path="units/pd2_dlc_tstp/characters/tstp_acc_traditional/tstp_acc_traditional_female_fat/tstp_acc_traditional_female_fat"/>
	<object path="units/pd2_dlc_tstp/characters/tstp_acc_hitman/tstp_acc_hitman_male_average/tstp_acc_hitman_male_average"/>
	<object path="units/pd2_dlc_tstp/characters/tstp_acc_traditional/tstp_acc_traditional_female_average/tstp_acc_traditional_female_average"/>
	<object path="units/pd2_dlc_tstp/characters/tstp_acc_hitman/tstp_acc_hitman_male_fat/tstp_acc_hitman_male_fat"/>
	<object path="units/pd2_dlc_tstp/characters/tstp_acc_traditional/tstp_acc_traditional_male_average/tstp_acc_traditional_male_average"/>
	<object path="units/pd2_dlc_trd/characters/trd_acc_miami/trd_acc_miami_male_big/trd_acc_miami_male_big"/>
	<object path="units/pd2_dlc_trd/characters/trd_acc_miami/trd_acc_miami_female_big/trd_acc_miami_female_big"/>
	<object path="units/pd2_dlc_trd/characters/trd_acc_clown/trd_acc_clown_female_big/trd_acc_clown_female_big"/>
	<object path="units/pd2_dlc_trd/characters/trd_acc_clown/trd_acc_clown_male_average/trd_acc_clown_male_average"/>
	<object path="units/pd2_dlc_trd/characters/trd_acc_clown/trd_acc_clown_female_average/trd_acc_clown_female_average"/>
	<object path="units/pd2_dlc_sus/characters/sus_acc_slaughterhouse/sus_acc_slaughterhouse_male_fat/sus_acc_slaughterhouse_male_fat"/>
	<object path="units/pd2_dlc_trd/characters/trd_acc_miami/trd_acc_miami_male_average/trd_acc_miami_male_average"/>
	<object path="units/pd2_dlc_trd/characters/trd_acc_clown/trd_acc_clown_male_big/trd_acc_clown_male_big"/>
	<object path="units/pd2_dlc_trd/characters/trd_acc_jumpsuits/trd_acc_jumpsuit_female_big/trd_acc_jumpsuit_female_big"/>
	<object path="units/pd2_dlc_trd/characters/trd_acc_miami/trd_acc_miami_female_average/trd_acc_miami_female_average"/>
	<object path="units/pd2_dlc_trd/characters/trd_acc_jumpsuits/trd_acc_jumpsuit_female_average/trd_acc_jumpsuit_female_average"/>
	<object path="units/pd2_dlc_trd/characters/trd_acc_jumpsuits/trd_acc_jumpsuit_male_big/trd_acc_jumpsuit_male_big"/>
	<object path="units/pd2_dlc_trd/characters/trd_acc_jumpsuits/trd_acc_jumpsuit_male_average/trd_acc_jumpsuit_male_average"/>
	<object path="units/pd2_dlc_sus/characters/sus_acc_slaughterhouse/sus_acc_slaughterhouse_male_big_sangres/sus_acc_slaughterhouse_male_big_sangres"/>
	<object path="units/pd2_dlc_tstp/characters/tstp_acc_traditional/tstp_acc_traditional_male_big/tstp_acc_traditional_male_big"/>
	<object path="units/pd2_dlc_tstp/characters/tstp_glv_blackdragon/tstp_glv_blackdragon"/>
	<object path="units/pd2_dlc_xmn/characters/xmn_acc_poolrepair/xmn_acc_poolrepair_female_average/xmn_acc_poolrepair_female_average"/>
	<object path="units/pd2_dlc_xmn/characters/xmn_acc_poolrepair/xmn_acc_poolrepair_female_big/xmn_acc_poolrepair_female_big"/>
	<object path="units/pd2_dlc_wwh/characters/wwh_acc_stealth_suit_male_fat/wwh_acc_stealth_suit_male_fat"/>
	<object path="units/pd2_dlc_wwh/characters/wwh_acc_stealth_suit_male_big/wwh_acc_stealth_suit_male_big"/>
	<object path="units/pd2_dlc_wwh/characters/wwh_acc_stealth_suit_female_thin/wwh_acc_stealth_suit_female_thin"/>
	<object path="units/pd2_dlc_xmn/characters/xmn_acc_poolrepair/xmn_acc_poolrepair_male_average/xmn_acc_poolrepair_male_average"/>
	<object path="units/pd2_dlc_xmn/characters/xmn_acc_poolrepair/xmn_acc_poolrepair_male_ethan/xmn_acc_poolrepair_male_ethan"/>
	<object path="units/pd2_dlc_xmn/characters/xmn_acc_xmas_tuxedo/npc_acc_xmas_tux/npc_acc_criminal_male_xmas_tux_average/npc_acc_criminal_male_xmas_tux_average"/>
	<object path="units/pd2_dlc_xmn/characters/xmn_acc_poolrepair/xmn_acc_poolrepair_male_big/xmn_acc_poolrepair_male_big"/>
	<object path="units/pd2_dlc_xmn/characters/xmn_acc_xmas_tuxedo/npc_acc_xmas_tux/npc_acc_criminal_female_xmas_tux_big/npc_acc_criminal_female_xmas_tux_big"/>
	<object path="units/pd2_dlc_xmn/characters/xmn_acc_xmas_tuxedo/npc_acc_xmas_tux/npc_acc_criminal_female_xmas_tux_average/npc_acc_criminal_female_xmas_tux_average"/>
	<object path="units/pd2_dlc_tstp/characters/tstp_acc_traditional/tstp_acc_traditional_male_fat/tstp_acc_traditional_male_fat"/>
	<object path="units/pd2_dlc_wwh/characters/wwh_acc_stealth_suit_female_big/wwh_acc_stealth_suit_female_big"/>
	<object path="units/pd2_dlc_vit/characters/vit_acc_murky_suit_male_big/vit_acc_murky_suit_male_big"/>
	<object path="units/pd2_dlc_tstp/characters/tstp_glv_redstripe/tstp_glv_redstripe"/>
	<object path="units/pd2_dlc_tstp/characters/tstp_msk_daemon/msk_daemon"/>
	<object path="units/pd2_dlc_tstp/characters/tstp_glv_reddragon/tstp_glv_reddragon"/>
	<object path="units/pd2_dlc_tstp/characters/tstp_glv_flame/tstp_glv_flame"/>
	<object path="units/pd2_dlc_wwh/characters/wwh_acc_stealth_suit/wwh_acc_stealth_suit"/>
	<object path="units/pd2_dlc_tstp/characters/tstp_msk_dragon01/msk_dragon01"/>
	<object path="units/pd2_dlc_tstp/characters/tstp_msk_godess/msk_godess"/>
	<object path="units/pd2_dlc_vit/characters/vit_acc_murky_suit_female_thin/vit_acc_murky_suit_female_thin"/>
	<object path="units/pd2_dlc_tstp/characters/tstp_msk_dragon02/msk_dragon02"/>
	<object path="units/pd2_dlc_vit/characters/vit_acc_murky_suit_female_big/vit_acc_murky_suit_female_big"/>
	<object path="units/pd2_dlc_vit/characters/vit_acc_murky_suit/vit_acc_murky_suit"/>
	<object path="units/pd2_dlc_xmn/characters/xmn_acc_xmas_tuxedo/npc_acc_xmas_tux/npc_acc_criminal_male_xmas_tux_big/npc_acc_criminal_male_xmas_tux_big"/>
	<object path="units/pd2_dlc_sus/characters/sus_acc_slaughterhouse/sus_acc_slaughterhouse_male_big/sus_acc_slaughterhouse_male_big"/>
	<object path="units/pd2_dlc_sus/characters/sus_acc_slaughterhouse/sus_acc_slaughterhouse_male_average_bodhi/sus_acc_slaughterhouse_male_average_bodhi"/>
	<object path="units/pd2_dlc_nmh/characters/nmh_acc_scrubs_female_lightblue/nmh_acc_scrubs_female_lightblue"/>
	<object path="units/pd2_dlc_nmh/characters/nmh_acc_scrubs_female_sydney/nmh_acc_scrubs_female_sydney"/>
	<object path="units/pd2_dlc_nmh/characters/nmh_acc_scrubs_female_darkblue/nmh_acc_scrubs_female_darkblue"/>
	<object path="units/pd2_dlc_nmh/characters/nmh_acc_scrubs_female_big/nmh_acc_scrubs_female_big"/>
	<object path="units/pd2_dlc_nmh/characters/nmh_acc_scrubs_female/nmh_acc_scrubs_female"/>
	<object path="units/pd2_dlc_nmh/characters/nmh_acc_scrubs_male/nmh_acc_scrubs_male"/>
	<object path="units/pd2_dlc_nmh/characters/nmh_acc_scrubs_male_darkblue/nmh_acc_scrubs_male_darkblue"/>
	<object path="units/pd2_dlc_nmh/characters/nmh_acc_scrubs_male_purple/nmh_acc_scrubs_male_purple"/>
	<object path="units/pd2_dlc_nmh/characters/nmh_acc_scrubs_male_big/nmh_acc_scrubs_male_big"/>
	<object path="units/pd2_dlc_nmh/characters/nmh_acc_scrubs_male_green/nmh_acc_scrubs_male_green"/>
	<object path="units/pd2_dlc_nmh/characters/nmh_acc_scrubs_male_ethan/nmh_acc_scrubs_male_ethan"/>
	<object path="units/pd2_dlc_pgo/characters/pgo_acc_gentleman/pgo_acc_gentleman_female_average/pgo_acc_gentleman_female_average"/>
	<object path="units/pd2_dlc_glace/characters/glc_acc_raincoat_male/glc_acc_raincoat_male"/>
	<object path="units/pd2_dlc_glace/characters/glc_acc_raincoat_ethan/glc_acc_raincoat_ethan"/>
	<object path="units/pd2_dlc_dah/characters/dah_acc_stealth_suit_male_big/dah_acc_stealth_suit_male_big"/>
	<object path="units/pd2_dlc_ess/characters/ess_acc_esportgamer/ess_acc_esport_female_average/ess_acc_esport_female_average"/>
	<object path="units/pd2_dlc_dah/characters/dah_acc_stealth_suit_female_thin/dah_acc_stealth_suit_female_thin"/>
	<object path="units/pd2_dlc_dah/characters/dah_acc_stealth_suit_female_big/dah_acc_stealth_suit_female_big"/>
	<object path="units/pd2_dlc_glace/characters/glc_acc_raincoat_female/glc_acc_raincoat_female"/>
	<object path="units/pd2_dlc_ess/characters/ess_acc_esportgamer/ess_acc_esport_female_big/ess_acc_esport_female_big"/>
	<object path="units/pd2_dlc_ess/characters/ess_acc_esportgamer/ess_acc_esport_male_big/ess_acc_esport_male_big"/>
	<object path="units/pd2_dlc_glace/characters/glc_acc_raincoat_bonnie/glc_acc_raincoat_bonnie"/>
	<object path="units/pd2_dlc_ess/characters/ess_acc_esportgamer/ess_acc_esport_male_average/ess_acc_esport_male_average"/>
	<object path="units/pd2_dlc_glace/characters/glc_acc_raincoat/glc_acc_raincoat"/>
	<object path="units/pd2_dlc_ess/characters/ess_acc_esportgamer/ess_acc_esport_male_fat/ess_acc_esport_male_fat"/>
	<object path="units/pd2_dlc_sus/characters/sus_acc_slaughterhouse/sus_acc_slaughterhouse_male_average_chains/sus_acc_slaughterhouse_male_average_chains"/>
	<object path="units/pd2_dlc_pgo/characters/pgo_acc_gentleman/pgo_acc_gentleman_female_fat/pgo_acc_gentleman_female_fat"/>
	<object path="units/pd2_dlc_pgo/characters/pgo_acc_gentleman/pgo_acc_gentleman_male_big/pgo_acc_gentleman_male_big"/>
	<object path="units/pd2_dlc_sah/characters/npc_acc_tux/npc_acc_criminal_male_tux_big/npc_acc_criminal_male_tux_big"/>
	<object path="units/pd2_dlc_sah/characters/npc_acc_tux/npc_acc_criminal_male_tux_fat/npc_acc_criminal_male_tux_fat"/>
	<object path="units/pd2_dlc_sah/characters/npc_acc_tux/npc_acc_criminal_male_tux_average_02/npc_acc_criminal_male_tux_average_02"/>
	<object path="units/pd2_dlc_sah/characters/npc_acc_tux/npc_acc_criminal_male_tux_average/npc_acc_criminal_male_tux_average"/>
	<object path="units/pd2_dlc_sah/characters/npc_acc_tux/npc_acc_criminal_female_tux_big/npc_acc_criminal_female_tux_big"/>
	<object path="units/pd2_dlc_sus/characters/sus_acc_slaughterhouse/sus_acc_slaughterhouse_female_average/sus_acc_slaughterhouse_female_average"/>
	<object path="units/pd2_dlc_sus/characters/sus_acc_slaughterhouse/sus_acc_slaughterhouse_female_average_sydney/sus_acc_slaughterhouse_female_average_sydney"/>
	<object path="units/pd2_dlc_sus/characters/sus_acc_slaughterhouse/sus_acc_slaughterhouse_male_average_02/sus_acc_slaughterhouse_male_average_02"/>
	<object path="units/pd2_dlc_sus/characters/sus_acc_slaughterhouse/sus_acc_slaughterhouse_female_average_joy/sus_acc_slaughterhouse_female_average_joy"/>
	<object path="units/pd2_dlc_sus/characters/sus_acc_slaughterhouse/sus_acc_slaughterhouse_male_average/sus_acc_slaughterhouse_male_average"/>
	<object path="units/pd2_dlc_sus/characters/sus_acc_slaughterhouse/sus_acc_slaughterhouse_female_big/sus_acc_slaughterhouse_female_big"/>
	<object path="units/pd2_dlc_pgo/characters/pgo_acc_gentleman/pgo_acc_gentleman_male_average/pgo_acc_gentleman_male_average"/>
	<object path="units/pd2_dlc_sah/characters/npc_acc_tux/npc_acc_criminal_female_tux_average_02/npc_acc_criminal_female_tux_average_02"/>
	<object path="units/pd2_dlc_pgo/characters/pgo_glv_sportsbike/pgo_glv_sportsbike"/>
	<object path="units/pd2_dlc_pgo/characters/pgo_acc_gunslinger/pgo_acc_gunslinger_female_fat/pgo_acc_gunslinger_female_fat"/>
	<object path="units/pd2_dlc_pgo/characters/pgo_acc_gunslinger/pgo_acc_gunslinger_male_average/pgo_acc_gunslinger_male_average"/>
	<object path="units/pd2_dlc_pgo/characters/pgo_acc_gunslinger/pgo_acc_gunslinger_female_average/pgo_acc_gunslinger_female_average"/>
	<object path="units/pd2_dlc_pgo/characters/pgo_acc_gentleman/pgo_acc_gentleman_male_fat/pgo_acc_gentleman_male_fat"/>
	<object path="units/pd2_dlc_sah/characters/npc_acc_tux/npc_acc_criminal_female_tux_average/npc_acc_criminal_female_tux_average"/>
	<object path="units/pd2_dlc_pgo/characters/pgo_acc_gunslinger/pgo_acc_gunslinger_male_big/pgo_acc_gunslinger_male_big"/>
	<object path="units/pd2_dlc_pgo/characters/pgo_glv_bananabike/pgo_glv_bananabike"/>
	<object path="units/pd2_dlc_pgo/characters/pgo_acc_gunslinger/pgo_acc_gunslinger_male_fat/pgo_acc_gunslinger_male_fat"/>
	<object path="units/pd2_dlc_pgo/characters/pgo_glv_hockey/pgo_glv_hockey"/>
	<object path="units/pd2_dlc_pgo/characters/pgo_glv_chopper/pgo_glv_chopper"/>
	<object path="units/pd2_dlc_xmn/characters/xmn_acc_xmas_tuxedo/npc_acc_xmas_tux/npc_acc_criminal_male_xmas_tux_fat/npc_acc_criminal_male_xmas_tux_fat"/>
</table>
