<?xml version="1.0"?>
<assets base_path="assets/">
	<!-- <file name="units/world/architecture/suburbia/textures/sky_df.texture" force="true"/> -->
	<file name="units/world/street/street_lights/cone_light_df.texture" force="true"/>
	<file name="units/world/street/trash_container/trash_container_df.texture" force="true"/>
	<file name="units/world/street/trash_container/trash_container_df.texture" force="true"/>
	
	<file name="core/environments/skies/sky_1945_sunset_clouds/sky_1945_sunset_clouds.material_config" load="true" force="true"/>
	<file name="core/environments/skies/sky_1945_sunset_clouds/top_clouds_df.texture" load="true" force="true"/>
	<file name="core/environments/skies/sky_1945_sunset_clouds/stormy_clouds_df.texture" load="true" force="true"/>
	
	<file name="units/payday2/architecture/bri_ext_bridge/bigoil_backdrop_1.material_config" force="true"/>
	<file name="effects/environment_smoke_blue_env.effect" force="true" load="true"/>
	<file name="effects/fire_w_embers.effect" force="true" load="true"/>
	<file name="effects/rain_fog.effect" force="true" load="true"/>
	<file name="effects/rain_fog_blue.effect" force="true" load="true"/>
	<file name="effects/rain_fog_blue_darker.effect" force="true" load="true"/>
	<file name="effects/embers_only3.effect" force="true" load="true"/>
	<file name="effects/rain_02.effect" force="true" load="true"/>
	<file name="effects/rain_02_onlyrain.effect" force="true" load="true"/>
	<file name="effects/rain_big.effect" force="true" load="true"/>
	<file name="effects/fog_dark_blue.effect" force="true" load="true"/>
	
	<file name="soundbanks/regular_weapon_sfx.bnk" force="true" load="true"/>
	
	<file name="units/payday2/props/ind_prop_light_cones/ind_prop_light_cones_docks_blue_df.texture" force="true"/>
	<file name="units/payday2/props/ind_prop_light_cones/ind_prop_light_cones_docks_blue_v2_df.texture" force="true"/>
	<file name="units/payday2/props/ind_prop_light_cones/ind_prop_light_cones_docks_df.texture" force="true"/>
	<file name="units/payday2/props/ind_prop_light_cones/ind_prop_light_cones_docks_orange_df.texture" force="true"/>
	<file name="units/payday2/props/ind_prop_light_cones/ind_prop_light_cones_docks_orange_v2_df.texture" force="true"/>
	<file name="units/payday2/props/ind_prop_light_cones/ind_prop_light_cones_debris_df.texture" force="true"/>
	
	<file name="effects/particles/weapons/flashlight/e_gradient_radial2.texture" force="true" load="true"/>
	<file name="effects/particles/weapons/flashlight/flashlight.effect" force="true" load="true"/>
	<file name="effects/particles/weapons/flashlight/flashlight_multicolor.effect" force="true" load="true"/>
<!--<file name="effects/particles/weapons/flashlight/fp_flashlight.effect" force="true" load="true"/>
	<file name="effects/particles/weapons/flashlight/fp_flashlight_multicolor.effect" force="true" load="true"/>-->
</assets>