<table directory="assets">
	<effect path="units/payday2/equipment/gen_equipment_shape_charge/gen_equipment_shape_charge"/>
	<object path="units/pd2_dlc_old_hoxton/equipment/gen_interactable_police_car_steering_wheel/gen_interactable_police_car_steering_wheel"/>
	<object path="units/pd2_dlc_old_hoxton/equipment/gen_equipment_first_aid_kit/gen_equipment_first_aid_kit"/>
	<object path="units/pd2_dlc_old_hoxton/equipment/gen_interactable_swat_van_steering_wheel/gen_interactable_swat_van_steering_wheel"/>
	<object path="units/pd2_dlc_old_hoxton/equipment/stn_interactable_computer_director/stn_interactable_computer_director"/>
	<object path="units/payday2/equipment/gen_equipment_ammobag/gen_equipment_ammobag"/>
	<object path="units/pd2_dlc_mad/equipment/mad_interactable_door_keycard/mad_interactable_door_keycard"/>
	<object path="units/pd2_dlc_jolly/equipment/gen_interactable_saw/gen_interactable_saw"/>
	<object path="units/pd2_dlc_jolly/equipment/gen_plant_c4/gen_plant_c4"/>
	<object path="units/pd2_dlc_jerry/equipment/jry_int_ring_band/jry_prop_ring_band"/>
	<object path="units/pd2_dlc_jfr/equipment/equip_jfr_briefcase/equip_jfr_briefcase"/>
	<object path="units/pd2_dlc_jerry/equipment/jry_int_placeable_ladder/jry_int_placeable_ladder"/>
	<object path="units/pd2_dlc_old_hoxton/equipment/stn_interactable_computer_forensics/stn_interactable_computer_forensics"/>
	<object path="units/pd2_dlc_pal/equipment/gen_interactable_drill_small_upright/gen_interactable_drill_small_upright"/>
	<object path="units/pd2_dlc_peta/equipment/pta_interactable_door_drill/pta_interactable_door_drill"/>
	<object path="units/pd2_dlc_peta/equipment/pta_interactable_saw/pta_interactable_saw"/>
	<object path="units/pd2_dlc_red/equipment/gen_pku_thermite/gen_pku_thermite"/>
	<object path="units/pd2_dlc_old_hoxton/equipment/stn_interactable_computer_security/stn_interactable_computer_security"/>
	<object path="units/pd2_dlc_pal/equipment/pal_int_insert_paper_roll/pal_int_insert_paper_roll"/>
	<object path="units/pd2_dlc_pal/equipment/pal_interactable_money_printer/pal_interactable_money_printer"/>
	<object path="units/pd2_dlc_pal/equipment/pal_interactable_money_roll/pal_interactable_money_roll"/>
	<object path="units/pd2_dlc_pal/equipment/pal_interactable_invis_plate_int/pal_interactable_invis_plate_int"/>
	<object path="units/pd2_dlc_jerry/equipment/jry_int_money_crate/jry_int_money_crate"/>
	<object path="units/pd2_dlc_glace/equipment/glc_interactable_scubagear/glc_interactable_scubagear"/>
	<object path="units/pd2_dlc_glace/equipment/glc_interactable_ejectionseat/glc_interactable_ejectionseat_balloon_first_phase"/>
	<object path="units/pd2_dlc_fex/equipment/fex_interactable_mayan_door/buttons/fex_interactable_owl_button"/>
	<object path="units/pd2_dlc_fex/equipment/fex_interactable_mayan_door/buttons/fex_interactable_snail_button"/>
	<object path="units/pd2_dlc_fex/equipment/fex_interactable_mayan_door/buttons/fex_interactable_snake_button"/>
	<object path="units/pd2_dlc_fex/equipment/fex_interactable_mayan_door/buttons/fex_interactable_spider_button"/>
	<object path="units/pd2_dlc_fex/equipment/fex_interactable_mayan_door/buttons/fex_interactable_monkey_button"/>
	<object path="units/pd2_dlc_fex/equipment/fex_interactable_mayan_door/buttons/fex_interactable_lizard_button"/>
	<object path="units/pd2_dlc_fex/equipment/fex_interactable_mayan_door/buttons/fex_interactable_millipede_button"/>
	<object path="units/pd2_dlc_fex/equipment/fex_interactable_mayan_door/buttons/fex_interactable_frog_button"/>
	<object path="units/pd2_dlc_fex/equipment/fex_interactable_mayan_door/buttons/fex_interactable_jaguar_button"/>
	<object path="units/pd2_dlc_red/equipment/red_s_cube/red_s_cube"/>
	<object path="units/pd2_dlc_fex/equipment/fex_interactable_mayan_door/buttons/fex_interactable_squirrel_button"/>
	<object path="units/pd2_dlc_fex/equipment/fex_interactable_pickup_harddrive/fex_interactable_pickup_harddriver"/>
	<object path="units/pd2_dlc_glace/equipment/gen_interactable_saw_no_jam/gen_interactable_saw_no_jam_rotated"/>
	<object path="units/pd2_dlc_glace/equipment/glc_interactable_ejectionseat/glc_interactable_ejectionseat"/>
	<object path="units/pd2_dlc_glace/equipment/glc_interactable_ejectionseat/glc_interactable_ejectionseat_balloon"/>
	<object path="units/pd2_dlc_fex/equipment/fex_interactable_mayan_door/buttons/fex_interactable_turtle_button"/>
	<object path="units/pd2_dlc_glace/equipment/gen_interactable_saw_no_jam/gen_interactable_saw_no_jam"/>
	<object path="units/pd2_dlc_fex/equipment/fex_interactable_scythe/fex_interactable_scythe"/>
	<object path="units/pd2_dlc_fex/equipment/fex_interactable_wires/fex_interactable_wires"/>
	<object path="units/pd2_dlc_fex/equipment/fex_interactable_safe/fex_interactable_safe"/>
	<object path="units/pd2_dlc_fex/equipment/fex_interactable_mayan_door/buttons/fex_interactable_fish_button"/>
	<object path="units/pd2_dlc_sand/equipment/sand_interactable_car_ramp/sand_interactable_car_ramp"/>
	<object path="units/pd2_dlc_sand/equipment/sand_interactable_gasoline/sand_interactable_gasoline"/>
	<object path="units/pd2_dlc_vit/equipment/vit_interactable_hack_computer/vit_interactable_hack_computer"/>
	<object path="units/pd2_dlc_vit/equipment/vit_interactable_sec_safe/vit_interactable_sec_safe"/>
	<object path="units/pd2_dlc_vr/equipment/gen_pku_safe_ovk_bag_vr"/>
	<object path="units/pd2_dlc_vr/equipment/gen_pku_safe_wpn_bag_vr"/>
	<object path="units/pd2_dlc_vit/equipment/vit_interactable_door_wooden_white/debris/spawn_prop_door_white_debris_02"/>
	<object path="units/pd2_dlc_vit/equipment/vit_interactable_door_wooden_white/debris/spawn_prop_door_brown_debris_01"/>
	<object path="units/pd2_dlc_vit/equipment/vit_interactable_door_wooden_white/debris/spawn_prop_door_white_debris_01"/>
	<object path="units/pd2_dlc_vit/equipment/vit_interactable_door_wooden_white/vit_interactable_door_wooden_white"/>
	<object path="units/pd2_dlc_vit/equipment/vit_interactable_door_wooden_white/vit_interactable_door_wooden_white_double"/>
	<object path="units/pd2_dlc_vit/equipment/vit_interactable_door_south_portico/debris/spawn_prop_door_south_portico_debris_01"/>
	<object path="units/pd2_dlc_vr/equipment/bbv_interactable_lance_large/bbv_interactable_lance_large"/>
	<object path="units/pd2_dlc_vr/equipment/vr_loadout_selection_rifle_russian/vr_loadout_selection_rifle_russian"/>
	<object path="units/pd2_indiana/equipment/mus_interactable_door_reinforced/mus_interactable_door_reinforced_2"/>
	<object path="units/pd2_indiana/equipment/mus_interactable_door_reinforced/spawn_debris_door_reinforced"/>
	<object path="units/pd2_indiana/equipment/mus_interactable_grate_small/mus_interactable_grate_small"/>
	<object path="units/pd2_dlc_vr/equipment/vr_loadout_selection_rifle_american/vr_loadout_selection_rifle_american"/>
	<object path="units/pd2_indiana/equipment/mus_interactable_door_reinforced/mus_interactable_door_reinforced"/>
	<object path="units/pd2_dlc_vr/equipment/vr_loadout_selection_sniper/vr_loadout_selection_sniper"/>
	<object path="units/pd2_indiana/equipment/mus_interactable_door_reinforced/mus_interactable_door"/>
	<object path="units/pd2_dlc_vr/equipment/vr_loadout_selection_shotgun/vr_loadout_selection_shotgun"/>
	<object path="units/pd2_dlc_sand/equipment/sand_interactable_defibrillator/sand_interactable_defibrillator"/>
	<object path="units/pd2_dlc_vit/equipment/vit_interactable_door_south_portico/vit_interactable_door_south_portico"/>
	<object path="units/pd2_dlc_vit/equipment/vit_interactable_books/vit_interactable_books_04"/>
	<object path="units/pd2_dlc_spa/equipment/spa_equipment_grenade_crate/spa_equipment_grenade_crate"/>
	<object path="units/pd2_dlc_tag/equipment/tag_interactable_laptop/tag_interactable_laptop"/>
	<object path="units/pd2_dlc_tag/equipment/tag_interactable_sec_safe/tag_interactable_sec_safe"/>
	<object path="units/pd2_dlc_tng/equipment/gen_interactable_key_case/gen_interactable_case_blue"/>
	<object path="units/pd2_dlc_sand/equipment/sand_interactable_warehouse_pallettruck/sand_interactable_warehouse_pallettruck"/>
	<object path="units/pd2_dlc_sand/equipment/sand_interactable_notepad/sand_interactable_notepad"/>
	<object path="units/pd2_dlc_sand/equipment/sand_interactable_rotating_code_computer/sand_interactable_rotating_code_computer"/>
	<object path="units/pd2_dlc_sand/equipment/sand_interactable_hack_computer/sand_interactable_hack_computer"/>
	<object path="units/pd2_dlc_vit/equipment/vit_interactable_button/vit_interactable_button"/>
	<object path="units/pd2_dlc_tng/equipment/gen_interactable_key_case/gen_interactable_case_green"/>
	<object path="units/pd2_dlc_tng/equipment/gen_interactable_key_case/gen_interactable_case_yellow"/>
	<object path="units/pd2_dlc_vit/equipment/vit_interactable_books/vit_interactable_books_01"/>
	<object path="units/pd2_dlc_vit/equipment/vit_interactable_books/vit_interactable_books_02"/>
	<object path="units/pd2_dlc_vit/equipment/vit_interactable_books/vit_interactable_books_03"/>
	<object path="units/pd2_dlc_tng/equipment/gen_interactable_key_case/gen_interactable_case_red"/>
	<object path="units/pd2_dlc_tng/equipment/gen_interactable_key_case/gen_interactable_key_case_yellow"/>
	<object path="units/pd2_dlc_tng/equipment/gen_interactable_key_case/gen_interactable_key_case_green"/>
	<object path="units/pd2_dlc_tng/equipment/gen_interactable_key_case/gen_interactable_key_case_red"/>
	<object path="units/pd2_dlc_tng/equipment/gen_interactable_key_case/gen_interactable_key_case_blue"/>
	<object path="units/pd2_indiana/equipment/mus_interactable_grate_small/spawn_grate_small_debris"/>
	<object path="units/pd2_dlc_fex/equipment/fex_interactable_mayan_door/buttons/fex_interactable_dog_button"/>
	<object path="units/pd2_dlc_fex/equipment/fex_interactable_mayan_door/buttons/fex_interactable_crab_button"/>
	<object path="units/pd2_dlc1/equipment/ind_interactable_shipping_crate_2x1x1m/ind_interactable_shipping_crate_2x1x1m"/>
	<object path="units/pd2_dlc_arena/equipment/are_interactable_gensec_panel/are_interactable_gensec_panel"/>
	<object path="units/pd2_dlc_arena/equipment/are_interactable_objective_laptop/are_interactable_objective_laptop"/>
	<object path="units/pd2_dlc_arena/equipment/gen_equipment_fire_extinguisher/gen_equipment_fire_extinguisher"/>
	<object path="units/pd2_dlc1/equipment/ind_interactable_shipping_crate/ind_interactable_shipping_crate"/>
	<object path="units/pd2_dlc1/equipment/gen_interactable_door_wooden_c/spawn_debris_door_wooden_c_v2_dirty"/>
	<object path="units/pd2_dlc1/equipment/gen_interactable_spawn_contraband_crate_2x1x1m/gen_interactable_spawn_contraband_crate_2x1x1m"/>
	<object path="units/pd2_dlc1/equipment/gen_interactable_door_wooden_c/spawn_debris_door_wooden_c"/>
	<object path="units/pd2_dlc1/equipment/gen_interactable_door_wooden_c/spawn_debris_door_wooden_c_v2"/>
	<object path="units/pd2_dlc1/equipment/gen_interactable_door_wooden_c/gen_interactable_door_wooden_c_v2_double"/>
	<object path="units/pd2_dlc_arena/equipment/gen_interactable_circle_cutter/gen_interactable_circle_cutter"/>
	<object path="units/pd2_dlc_arena/equipment/gen_interactable_door_reinforced_v2/gen_interactable_door_reinforced_v2"/>
	<object path="units/pd2_dlc_berry/equipment/bry_interactable_control_display/bry_interactable_control_display"/>
	<object path="units/pd2_dlc_berry/equipment/bry_interactable_control_display/bry_interactable_control_touch"/>
	<object path="units/pd2_dlc_bex/equipment/bex_interactable_door_wooden_white/bex_interactable_door_wooden_white_double"/>
	<object path="units/pd2_dlc_arena/equipment/gen_interactable_door_keycard_v2/gen_interactable_door_keycard_v2"/>
	<object path="units/pd2_dlc_arena/equipment/gen_prop_door_metal_v2/gen_prop_door_metal_v2"/>
	<object path="units/pd2_dlc_arena/equipment/gen_interactable_extinguish_fire/gen_interactable_extinguish_fire"/>
	<object path="units/pd2_dlc_arena/equipment/gen_pku_circle_cutter/gen_pku_circle_cutter"/>
	<object path="units/pd2_dlc_arena/equipment/gen_interactable_door_reinforced_v2/spawn_debris_door_reinforced"/>
	<object path="units/pd2_dlc_bex/equipment/bex_smoke_grenade/bex_smoke_grenade"/>
	<object path="units/pd2_dlc1/equipment/gen_interactable_door_wooden_c/gen_interactable_door_wooden_c_v2_dirty"/>
	<object path="units/pd2_dlc1/equipment/gen_interactable_door_wooden_c/gen_interactable_door_wooden_c"/>
	<object path="units/payday2/equipment/gen_equipment_jammer/gen_equipment_jammer"/>
	<object path="units/payday2/equipment/gen_equipment_medicbag/gen_equipment_medicbag"/>
	<object path="units/payday2/equipment/gen_equipment_security_camera/gen_equipment_security_camera"/>
	<object path="units/payday2/equipment/gen_equipment_sentry/gen_equipment_sentry"/>
	<object path="units/payday2/equipment/gen_equipment_grenade_crate/gen_equipment_grenade_crate"/>
	<object path="units/payday2/equipment/gen_equipment_grenade_crate/gen_equipment_explosives_case"/>
	<object path="units/payday2/equipment/gen_equipment_grenade_crate/gen_equipment_explosives_case_single"/>
	<object path="units/payday2/equipment/gen_equipment_bodybags_bag/gen_equipment_bodybags_bag"/>
	<object path="units/pd2_dlc1/equipment/gen_interactable_door_wooden_c/gen_interactable_door_wooden_c_v2"/>
	<object path="units/payday2/equipment/gen_equipment_sentry/gen_equipment_sentry_fire_mode"/>
	<object path="units/payday2/equipment/gen_equipment_shape_charge/gen_equipment_shape_charge_single"/>
	<object path="units/payday2/equipment/gen_equipment_tripmine/gen_equipment_tripmine"/>
	<object path="units/payday2/equipment/gen_interactable_drill_large_thermic/gen_interactable_drill_large_thermic"/>
	<object path="units/payday2/equipment/gen_interactable_drill_small/gen_interactable_drill_small"/>
	<object path="units/payday2/equipment/gen_equipment_shape_charge/gen_equipment_shape_charge"/>
	<object path="units/payday2/equipment/gen_equipment_thermal_paste_crate/gen_equipment_thermal_paste_crate"/>
	<object path="units/payday2/equipment/gen_equipment_thermal_paste_crate/gen_equipment_thermal_paste"/>
	<object path="units/payday2/equipment/gen_equipment_thermal_paste_crate/gen_equipment_thermal_paste2"/>
	<object path="units/payday2/equipment/gen_equipment_shape_charge_plantable/gen_equipment_shape_charge_plantable"/>
	<object path="units/pd2_dlc_fex/equipment/fex_interactable_mayan_door/buttons/fex_interactable_crocodile_button"/>
	<object path="units/pd2_dlc_born/equipment/bor_interactable_door_workshop/bor_interactable_door_workshop"/>
	<object path="units/pd2_dlc_bph/equipment/bph_interactable_sewer_grate/bph_interactable_sewer_grate"/>
	<object path="units/pd2_dlc_fex/equipment/fex_interactable_alarm_clock/fex_interactable_alarm_clock"/>
	<object path="units/pd2_dlc_fex/equipment/fex_interactable_bomb/fex_interactable_bomb"/>
	<object path="units/pd2_dlc_fex/equipment/fex_interactable_diesel_can/fex_interactable_diesel_can"/>
	<object path="units/pd2_dlc_fex/equipment/fex_interactable_fertilizer_bag/fex_interactable_fertilizer_bag"/>
	<object path="units/pd2_dlc_dinner/equipment/din_interactable_pliers/din_interactable_pliers"/>
	<object path="units/pd2_dlc_des/equipment/des_interactable_office_desk_communication/des_interactable_office_desk_communication_c"/>
	<object path="units/pd2_dlc_dinner/equipment/din_interactable_gas_can/din_interactable_gas_can"/>
	<object path="units/pd2_dlc_des/equipment/des_interactable_hack_computer/des_interactable_hack_computer"/>
	<object path="units/pd2_dlc_des/equipment/des_interactable_office_desk_communication/des_interactable_office_desk_communication"/>
	<object path="units/pd2_dlc_dark/equipment/gen_drone_camera/gen_drone_camera"/>
	<object path="units/pd2_dlc_fex/equipment/fex_interactable_gas_can/fex_interactable_gas_can"/>
	<object path="units/pd2_dlc_fex/equipment/fex_interactable_hack_computer/fex_interactable_hack_computer"/>
	<object path="units/pd2_dlc_fex/equipment/fex_interactable_mayan_door/buttons/fex_interactable_boar_button"/>
	<object path="units/pd2_dlc_fex/equipment/fex_interactable_mayan_door/buttons/fex_interactable_bunny_button"/>
	<object path="units/pd2_dlc_fex/equipment/fex_interactable_mayan_door/buttons/fex_interactable_butterfly_button"/>
	<object path="units/pd2_dlc_fex/equipment/fex_interactable_globe/fex_interactable_globe"/>
	<object path="units/pd2_dlc_fex/equipment/fex_interactable_mayan_door/buttons/fex_interactable_bat_button"/>
	<object path="units/pd2_dlc_fex/equipment/fex_interactable_mayan_door/fex_interactable_mayan_door"/>
	<object path="units/pd2_dlc_fex/equipment/fex_interactable_mayan_door/buttons/fex_interactable_ant_button"/>
	<object path="units/pd2_dlc_fex/equipment/fex_interactable_mayan_door/fex_interactable_clue_book"/>
	<object path="units/pd2_dlc_born/equipment/bor_interactable_door_workshop/spawn_debris_door_metal"/>
	<object path="units/pd2_dlc_dark/equipment/drk_interactable_weapon_case_2x1/spawn_scar"/>
	<object path="units/pd2_dlc_dark/equipment/drk_interactable_weapon_case_1x1/spawn_glock"/>
	<object path="units/pd2_dlc_cane/equipment/cne_sound_packing_box/cne_sound_packing_box"/>
	<object path="units/pd2_dlc_chas/equipment/chas_interactable_alarmbox/chas_interactable_alarmbox"/>
	<object path="units/pd2_dlc_chas/equipment/chas_interactable_auction_door/chas_interactable_auction_door"/>
	<object path="units/pd2_dlc_chas/equipment/chas_interactable_auction_door/spawn_chas_auction_door_debris"/>
	<object path="units/pd2_dlc_cane/equipment/cne_prop_christmas_gift_multi/cne_prop_christmas_gift_multi"/>
	<object path="units/pd2_dlc_brb/equipment/brb_interactable_circle_cutter/brb_interactable_circle_cutter"/>
	<object path="units/pd2_dlc_brb/equipment/thermite_interactable_no_consume/thermite_interactable_no_consume"/>
	<object path="units/pd2_dlc_bph/equipment/gen_interactable_powered_drill/gen_interactable_powered_drill"/>
	<object path="units/pd2_dlc_dark/equipment/drk_interactable_weapon_case_2x1/drk_interactable_weapon_case_2x1"/>
	<object path="units/pd2_dlc_chas/equipment/chas_interactable_c4/chas_interactable_c4"/>
	<object path="units/pd2_dlc_chas/equipment/chas_interactable_destructible_crate/chas_interactable_destructible_crate"/>
	<object path="units/pd2_dlc_chill/equipment/chl_interactable_paint_bucket/chl_interactable_paint_bucket"/>
	<object path="units/pd2_dlc_dark/equipment/drk_interactable_military_laptop/drk_interactable_military_laptop"/>
	<object path="units/pd2_dlc_dark/equipment/drk_interactable_weapon_case_1x1/drk_interactable_weapon_case_1x1"/>
	<object path="units/pd2_dlc_chas/equipment/chas_interactable_c4_placeable/chas_interactable_c4_placeable"/>
	<object path="units/pd2_dlc_chill/equipment/chl_equipment_puck/chl_equipment_puck_spawner"/>
	<object path="units/pd2_dlc_chas/equipment/chas_interactable_hack_pc/chas_interactable_hack_pc"/>
	<object path="units/pd2_dlc_chill/equipment/chl_equipment_puck/chl_equipment_puck"/>
	<object path="units/pd2_dlc_chas/equipment/chas_interactable_destructible_crate/spawn_chas_interactable_destructible_crate"/>
	<object path="units/pd2_indiana/equipment/mus_interactable_win_small/mus_interactable_win_small"/>
</table>
