<table directory="assets">
	<texture path="guis/dlcs/afp/textures/pd2/blackmarket/icons/weapons/beer"/>
	<texture path="guis/dlcs/mods/textures/pd2/blackmarket/icons/player_styles/thug_cash"/>
	<texture path="guis/dlcs/mods/textures/pd2/blackmarket/icons/player_styles/thug_bob"/>
	<texture path="guis/dlcs/mods/textures/pd2/blackmarket/icons/player_styles/thug_biker"/>
	<texture path="guis/dlcs/mods/textures/pd2/blackmarket/icons/player_styles/thug_baby"/>
	<texture path="guis/dlcs/mods/textures/pd2/blackmarket/icons/player_styles/thug_chas"/>
	<texture path="guis/dlcs/mods/textures/pd2/blackmarket/icons/player_styles/thug_dallas"/>
	<texture path="guis/dlcs/mods/textures/pd2/blackmarket/icons/player_styles/thug_corey"/>
	<texture path="guis/dlcs/mods/textures/pd2/blackmarket/icons/player_styles/thug_dallasalt"/>
	<texture path="guis/dlcs/mods/textures/pd2/blackmarket/icons/player_styles/thug_driversortof"/>
	<texture path="guis/dlcs/mods/textures/pd2/blackmarket/icons/player_styles/tesuit_wolfalt"/>
	<texture path="guis/dlcs/mods/textures/pd2/blackmarket/icons/player_styles/tesuit_wick"/>
	<texture path="guis/dlcs/mods/textures/pd2/blackmarket/icons/player_styles/tesuit_pink"/>
	<texture path="guis/dlcs/mods/textures/pd2/blackmarket/icons/player_styles/tesuit_pdthhoxton"/>
	<texture path="guis/dlcs/mods/textures/pd2/blackmarket/icons/player_styles/tesuit_wolf"/>
	<texture path="guis/dlcs/mods/textures/pd2/blackmarket/icons/player_styles/tesuit_pinkwhite"/>
	<texture path="guis/dlcs/mods/textures/pd2/blackmarket/icons/player_styles/tesuit_red"/>
	<texture path="guis/dlcs/mods/textures/pd2/blackmarket/icons/player_styles/tesuit_purple"/>
	<texture path="guis/dlcs/mods/textures/pd2/blackmarket/icons/player_styles/tesuit_sokol"/>
	<texture path="guis/dlcs/mods/textures/pd2/blackmarket/icons/player_styles/tesuit_pdthdallas"/>
	<texture path="guis/dlcs/mods/textures/pd2/blackmarket/icons/player_styles/thug_gold"/>
	<texture path="guis/dlcs/mods/textures/pd2/blackmarket/icons/player_styles/thug_kiddo"/>
	<texture path="guis/dlcs/mods/textures/pd2/blackmarket/icons/player_styles/winter_suit_black"/>
	<texture path="guis/dlcs/mods/textures/pd2/blackmarket/icons/player_styles/thug_tered"/>
	<texture path="guis/dlcs/mods/textures/pd2/blackmarket/icons/player_styles/thug_tepink"/>
	<texture path="guis/dlcs/mods/textures/pd2/blackmarket/icons/player_styles/thug_tegrey"/>
	<texture path="guis/dlcs/mods/textures/pd2/blackmarket/icons/player_styles/winter_suit_blue"/>
	<texture path="guis/dlcs/mods/textures/pd2/blackmarket/icons/player_styles/winter_suit_grncam"/>
	<texture path="guis/dlcs/mods/textures/pd2/blackmarket/icons/player_styles/winter_suit_brown"/>
	<texture path="guis/dlcs/mods/textures/pd2/blackmarket/icons/player_styles/winter_suit_pink"/>
	<texture path="guis/dlcs/mods/textures/pd2/blackmarket/icons/player_styles/thug_hotline"/>
	<texture path="guis/dlcs/mods/textures/pd2/blackmarket/icons/player_styles/thug_tegreen"/>
	<texture path="guis/dlcs/mods/textures/pd2/blackmarket/icons/player_styles/thug_shinada"/>
	<texture path="guis/dlcs/mods/textures/pd2/blackmarket/icons/player_styles/thug_money"/>
	<texture path="guis/dlcs/mods/textures/pd2/blackmarket/icons/player_styles/thug_kim"/>
	<texture path="guis/dlcs/mods/textures/pd2/blackmarket/icons/player_styles/thug_teblue"/>
	<texture path="guis/dlcs/mods/textures/pd2/blackmarket/icons/player_styles/thug_negative"/>
	<texture path="guis/dlcs/mods/textures/pd2/blackmarket/icons/player_styles/thug_purple"/>
	<texture path="guis/dlcs/mods/textures/pd2/blackmarket/icons/player_styles/thug_nightcall"/>
	<texture path="guis/dlcs/mods/textures/pd2/blackmarket/icons/player_styles/thug_rebel"/>
	<texture path="guis/dlcs/mods/textures/pd2/blackmarket/icons/player_styles/winter_suit_purpcam"/>
	<texture path="guis/dlcs/mods/textures/pd2/blackmarket/icons/player_styles/tesuit_pdthchains"/>
	<texture path="guis/dlcs/mods/textures/pd2/blackmarket/icons/player_styles/tesuit_matt"/>
	<texture path="guis/dlcs/mods/textures/pd2/blackmarket/icons/player_styles/slaughterhouse_mark"/>
	<texture path="guis/dlcs/mods/textures/pd2/blackmarket/icons/player_styles/slaughterhouse_green"/>
	<texture path="guis/dlcs/mods/textures/pd2/blackmarket/icons/player_styles/slaughterhouse_gensec"/>
	<texture path="guis/dlcs/mods/textures/pd2/blackmarket/icons/player_styles/slaughterhouse_brown"/>
	<texture path="guis/dlcs/mods/textures/pd2/blackmarket/icons/player_styles/slaughterhouse_new1"/>
	<texture path="guis/dlcs/mods/textures/pd2/blackmarket/icons/player_styles/slaughterhouse_new3"/>
	<texture path="guis/dlcs/mods/textures/pd2/blackmarket/icons/player_styles/slaughterhouse_new2"/>
	<texture path="guis/dlcs/mods/textures/pd2/blackmarket/icons/player_styles/slaughterhouse_orange"/>
	<texture path="guis/dlcs/mods/textures/pd2/blackmarket/icons/player_styles/slaughterhouse_phoenix"/>
	<texture path="guis/dlcs/mods/textures/pd2/blackmarket/icons/player_styles/slaughterhouse_breeze"/>
	<texture path="guis/dlcs/mods/textures/pd2/blackmarket/icons/player_styles/slaughterhouse_bikerold"/>
	<texture path="guis/dlcs/mods/textures/pd2/blackmarket/icons/player_styles/jumpsuit_sapphire"/>
	<texture path="guis/dlcs/mods/textures/pd2/blackmarket/icons/player_styles/jumpsuit_purpol"/>
	<texture path="guis/dlcs/mods/textures/pd2/blackmarket/icons/player_styles/slaughterhouse_blue"/>
	<texture path="guis/dlcs/mods/textures/pd2/blackmarket/icons/player_styles/jumpsuit_snow"/>
	<texture path="guis/dlcs/mods/textures/pd2/blackmarket/icons/player_styles/jumpsuit_svoboda"/>
	<texture path="guis/dlcs/mods/textures/pd2/blackmarket/icons/player_styles/jumpsuit_stalker"/>
	<texture path="guis/dlcs/mods/textures/pd2/blackmarket/icons/player_styles/slaughterhouse_biker"/>
	<texture path="guis/dlcs/mods/textures/pd2/blackmarket/icons/player_styles/tesuit_moon"/>
	<texture path="guis/dlcs/mods/textures/pd2/blackmarket/icons/player_styles/slaughterhouse_pink"/>
	<texture path="guis/dlcs/mods/textures/pd2/blackmarket/icons/player_styles/slaughterhouse_swan"/>
	<texture path="guis/dlcs/mods/textures/pd2/blackmarket/icons/player_styles/tesuit_dragan"/>
	<texture path="guis/dlcs/mods/textures/pd2/blackmarket/icons/player_styles/tesuit_disco"/>
	<texture path="guis/dlcs/mods/textures/pd2/blackmarket/icons/player_styles/tesuit_desaturate"/>
	<texture path="guis/dlcs/mods/textures/pd2/blackmarket/icons/player_styles/tesuit_green"/>
	<texture path="guis/dlcs/mods/textures/pd2/blackmarket/icons/player_styles/tesuit_hoxton"/>
	<texture path="guis/dlcs/mods/textures/pd2/blackmarket/icons/player_styles/tesuit_houston"/>
	<texture path="guis/dlcs/mods/textures/pd2/blackmarket/icons/player_styles/tesuit_jacket"/>
	<texture path="guis/dlcs/mods/textures/pd2/blackmarket/icons/player_styles/slaughterhouse_purple"/>
	<texture path="guis/dlcs/mods/textures/pd2/blackmarket/icons/player_styles/tesuit_default"/>
	<texture path="guis/dlcs/mods/textures/pd2/blackmarket/icons/player_styles/tesuit_dallas"/>
	<texture path="guis/dlcs/mods/textures/pd2/blackmarket/icons/player_styles/slaughterhouse_tony"/>
	<texture path="guis/dlcs/mods/textures/pd2/blackmarket/icons/player_styles/slaughterhouse_tactical"/>
	<texture path="guis/dlcs/mods/textures/pd2/blackmarket/icons/player_styles/tesuit_dallasalt"/>
	<texture path="guis/dlcs/mods/textures/pd2/blackmarket/icons/player_styles/slaughterhouse_white"/>
	<texture path="guis/dlcs/mods/textures/pd2/blackmarket/icons/player_styles/tesuit"/>
	<texture path="guis/dlcs/mods/textures/pd2/blackmarket/icons/player_styles/slaughterhouse_yellow"/>
	<texture path="guis/dlcs/mods/textures/pd2/blackmarket/icons/player_styles/tesuit_chains"/>
	<texture path="guis/dlcs/mods/textures/pd2/blackmarket/icons/player_styles/jumpsuit_purple"/>
	<texture path="guis/dlcs/mods/textures/pd2/blackmarket/icons/player_styles/winter_suit_purple"/>
	<texture path="guis/dlcs/mods/textures/pd2/blackmarket/icons/player_styles/winter_suit_redcam"/>
	<texture path="guis/textures/pd2/blackmarket/icons/weapons/aug"/>
	<texture path="guis/textures/pd2/blackmarket/icons/weapons/amcar"/>
	<texture path="guis/textures/pd2/blackmarket/icons/weapons/akm_gold"/>
	<texture path="guis/textures/pd2/blackmarket/icons/weapons/akmsu"/>
	<texture path="guis/textures/pd2/blackmarket/icons/weapons/b92fs"/>
	<texture path="guis/textures/pd2/blackmarket/icons/weapons/deagle"/>
	<texture path="guis/textures/pd2/blackmarket/icons/weapons/colt_1911"/>
	<texture path="guis/textures/pd2/blackmarket/icons/weapons/g22c"/>
	<texture path="guis/textures/pd2/blackmarket/icons/weapons/g26"/>
	<texture path="guis/textures/pd2/blackmarket/icons/weapons/akm"/>
	<texture path="guis/textures/pd2/blackmarket/icons/weapons/ak5"/>
	<texture path="guis/textures/pd2/blackmarket/icons/deployables/doctor_bag"/>
	<texture path="guis/textures/pd2/blackmarket/icons/deployables/ammo_bag"/>
	<texture path="guis/textures/pd2/blackmarket/icons/weapons/ak74"/>
	<texture path="guis/textures/pd2/blackmarket/icons/deployables/ecm_jammer"/>
	<texture path="guis/textures/pd2/blackmarket/icons/deployables/sentry_gun"/>
	<texture path="guis/textures/pd2/blackmarket/icons/deployables/medic_bag"/>
	<texture path="guis/textures/pd2/blackmarket/icons/deployables/trip_mine"/>
	<texture path="guis/dlcs/wwh/textures/pd2/blackmarket/icons/player_styles/winter_suit_default"/>
	<texture path="guis/textures/pd2/blackmarket/icons/weapons/g36"/>
	<texture path="guis/textures/pd2/blackmarket/icons/weapons/glock_18c"/>
	<texture path="guis/textures/pd2/blackmarket/icons/weapons/r870"/>
	<texture path="guis/textures/pd2/blackmarket/icons/weapons/p90"/>
	<texture path="guis/textures/pd2/blackmarket/icons/weapons/olympic"/>
	<texture path="guis/textures/pd2/blackmarket/icons/weapons/new_raging_bull"/>
	<texture path="guis/textures/pd2/blackmarket/icons/weapons/saiga"/>
	<texture path="guis/textures/pd2/blackmarket/icons/weapons/serbu"/>
	<texture path="guis/textures/pd2/blackmarket/icons/weapons/saw"/>
	<texture path="guis/textures/pd2/blackmarket/icons/weapons/spas12"/>
	<texture path="guis/textures/pd2/blackmarket/icons/weapons/glock_17"/>
	<texture path="guis/textures/pd2/blackmarket/icons/weapons/new_mp5"/>
	<texture path="guis/textures/pd2/blackmarket/icons/weapons/new_m14"/>
	<texture path="guis/textures/pd2/blackmarket/icons/weapons/huntsman"/>
	<texture path="guis/textures/pd2/blackmarket/icons/weapons/hs2000"/>
	<texture path="guis/textures/pd2/blackmarket/icons/weapons/new_m4"/>
	<texture path="guis/textures/pd2/blackmarket/icons/weapons/judge"/>
	<texture path="guis/textures/pd2/blackmarket/icons/weapons/mac10"/>
	<texture path="guis/textures/pd2/blackmarket/icons/weapons/m16"/>
	<texture path="guis/textures/pd2/blackmarket/icons/weapons/mp9"/>
	<texture path="guis/dlcs/mods/textures/pd2/blackmarket/icons/player_styles/winter_suit_red"/>
	<texture path="guis/dlcs/wild/textures/pd2/blackmarket/icons/weapons/boot"/>
	<texture path="guis/dlcs/west/textures/pd2/blackmarket/icons/weapons/winchester1874"/>
	<texture path="guis/dlcs/pd2_million/textures/pd2/blackmarket/icons/weapons/judge"/>
	<texture path="guis/dlcs/par/textures/pd2/blackmarket/icons/weapons/par"/>
	<texture path="guis/dlcs/opera/textures/pd2/blackmarket/icons/weapons/tecci"/>
	<texture path="guis/dlcs/opera/textures/pd2/blackmarket/icons/characters/sydney"/>
	<texture path="guis/dlcs/peta/textures/pd2/blackmarket/icons/weapons/m37"/>
	<texture path="guis/dlcs/pim/textures/pd2/blackmarket/icons/weapons/packrat"/>
	<texture path="guis/dlcs/pim/textures/pd2/blackmarket/icons/weapons/desertfox"/>
	<texture path="guis/dlcs/pim/textures/pd2/blackmarket/icons/weapons/schakal"/>
	<texture path="guis/dlcs/pines/textures/pd2/blackmarket/icons/weapons/m1928"/>
	<texture path="guis/dlcs/old/textures/pd2/blackmarket/icons/weapons/erma"/>
	<texture path="guis/dlcs/old/textures/pd2/blackmarket/icons/weapons/breech"/>
	<texture path="guis/dlcs/mods/textures/pd2/blackmarket/icons/player_styles/winter_suit_yellow"/>
	<texture path="guis/dlcs/mods/textures/pd2/blackmarket/icons/player_styles/winter_suit_taiga"/>
	<texture path="guis/dlcs/old/textures/pd2/blackmarket/icons/weapons/ching"/>
	<texture path="guis/dlcs/mods/textures/pd2/blackmarket/icons/weapons/predatorshield"/>
	<texture path="guis/dlcs/myh/textures/pd2/blackmarket/icons/characters/myh"/>
	<texture path="guis/dlcs/mods/textures/pd2/blackmarket/icons/weapons/predatorshield_secondary"/>
	<texture path="guis/dlcs/myh/textures/pd2/blackmarket/icons/weapons/shrew"/>
	<texture path="guis/dlcs/wild/textures/pd2/blackmarket/icons/characters/wild"/>
	<texture path="guis/dlcs/rip/textures/pd2/blackmarket/icons/characters/bodhi"/>
	<texture path="guis/dlcs/rota/textures/pd2/blackmarket/icons/weapons/rota"/>
	<texture path="guis/dlcs/turtles/textures/pd2/blackmarket/icons/weapons/hunter"/>
	<texture path="guis/dlcs/tng/textures/pd2/blackmarket/icons/weapons/arbiter"/>
	<texture path="guis/dlcs/the_bomb/textures/pd2/blackmarket/icons/weapons/hs2000"/>
	<texture path="guis/dlcs/turtles/textures/pd2/blackmarket/icons/weapons/polymer"/>
	<texture path="guis/dlcs/west/textures/pd2/blackmarket/icons/weapons/peacemaker"/>
	<texture path="guis/dlcs/turtles/textures/pd2/blackmarket/icons/weapons/wa2000"/>
	<texture path="guis/dlcs/west/textures/pd2/blackmarket/icons/weapons/plainsrider"/>
	<texture path="guis/dlcs/rip/textures/pd2/blackmarket/icons/weapons/sparrow"/>
	<texture path="guis/dlcs/tar/textures/pd2/blackmarket/icons/weapons/komodo"/>
	<texture path="guis/dlcs/steel/textures/pd2/blackmarket/icons/weapons/long"/>
	<texture path="guis/dlcs/sdb/textures/pd2/blackmarket/icons/weapons/coach"/>
	<texture path="guis/dlcs/rvd/textures/pd2/blackmarket/icons/weapons/corgi"/>
	<texture path="guis/dlcs/sus/textures/pd2/blackmarket/icons/player_styles/slaughterhouse_default"/>
	<texture path="guis/dlcs/sft/textures/pd2/blackmarket/icons/weapons/system"/>
	<texture path="guis/dlcs/steel/textures/pd2/blackmarket/icons/weapons/arblast"/>
	<texture path="guis/dlcs/spa/textures/pd2/blackmarket/icons/weapons/tti"/>
	<texture path="guis/dlcs/steel/textures/pd2/blackmarket/icons/weapons/frankish"/>
	<texture path="guis/textures/pd2/blackmarket/icons/weapons/usp"/>
	<texture path="guis/dlcs/mods/textures/pd2/blackmarket/icons/player_styles/jumpsuit_pink"/>
	<texture path="guis/dlcs/mods/textures/pd2/blackmarket/icons/player_styles/jumpsuit_monolit"/>
	<texture path="guis/dlcs/gage_pack/textures/pd2/blackmarket/icons/weapons/p226"/>
	<texture path="guis/dlcs/gage_pack/textures/pd2/blackmarket/icons/weapons/mp7"/>
	<gui path="guis/dlcs/gage_pack/guis/preload_w_mod_icons"/>
	<gui path="guis/dlcs/gage_pack/guis/preload_weapon_icons"/>
	<texture path="guis/dlcs/gage_pack/textures/pd2/blackmarket/icons/weapons/scar"/>
	<texture path="guis/dlcs/gage_pack_assault/textures/pd2/blackmarket/icons/weapons/g3"/>
	<texture path="guis/dlcs/gage_pack_assault/textures/pd2/blackmarket/icons/weapons/famas"/>
	<texture path="guis/dlcs/gage_pack_assault/textures/pd2/blackmarket/icons/weapons/galil"/>
	<texture path="guis/dlcs/gage_pack_assault/textures/pd2/blackmarket/icons/weapons/gre_m79"/>
	<gui path="guis/dlcs/gage_pack/guis/preload_mask_icons"/>
	<gui path="guis/dlcs/gage_pack/guis/preload_blackmarket"/>
	<texture path="guis/dlcs/ecp/textures/pd2/blackmarket/icons/weapons/ecp"/>
	<texture path="guis/dlcs/ecp/textures/pd2/blackmarket/icons/characters/ecp_male"/>
	<gui path="guis/dlcs/gage_pack/guis/preload_deployable_icons"/>
	<texture path="guis/dlcs/fgl/textures/pd2/blackmarket/icons/weapons/slap"/>
	<texture path="guis/dlcs/friend/textures/pd2/blackmarket/icons/weapons/ray"/>
	<texture path="guis/dlcs/fi7/textures/pd2/blackmarket/icons/weapons/lemming"/>
	<gui path="guis/dlcs/gage_pack/guis/preload_armor_icons"/>
	<texture path="guis/dlcs/ecp/textures/pd2/blackmarket/icons/characters/ecp_female"/>
	<texture path="guis/dlcs/gage_pack_historical/textures/pd2/blackmarket/icons/weapons/c96"/>
	<texture path="guis/dlcs/gage_pack_historical/textures/pd2/blackmarket/icons/weapons/mosin"/>
	<texture path="guis/dlcs/gage_pack_snp/textures/pd2/blackmarket/icons/weapons/r93"/>
	<texture path="guis/dlcs/gage_pack_snp/textures/pd2/blackmarket/icons/weapons/msr"/>
	<texture path="guis/dlcs/gage_pack_snp/textures/pd2/blackmarket/icons/weapons/m95"/>
	<texture path="guis/dlcs/gage_pack_shotgun/textures/pd2/blackmarket/icons/weapons/striker"/>
	<texture path="guis/dlcs/grv/textures/pd2/blackmarket/icons/weapons/coal"/>
	<texture path="guis/dlcs/grv/textures/pd2/blackmarket/icons/weapons/siltstone"/>
	<texture path="guis/dlcs/grv/textures/pd2/blackmarket/icons/weapons/flint"/>
	<texture path="guis/dlcs/hlm2/textures/pd2/blackmarket/icons/characters/jacket"/>
	<texture path="guis/dlcs/gage_pack_historical/textures/pd2/blackmarket/icons/weapons/mg42"/>
	<texture path="guis/dlcs/gage_pack_shotgun/textures/pd2/blackmarket/icons/weapons/ksg"/>
	<texture path="guis/dlcs/gage_pack_lmg/textures/pd2/blackmarket/icons/weapons/rpk"/>
	<texture path="guis/dlcs/gage_pack_lmg/textures/pd2/blackmarket/icons/weapons/hk21"/>
	<texture path="guis/dlcs/gage_pack_historical/textures/pd2/blackmarket/icons/weapons/sterling"/>
	<texture path="guis/dlcs/gage_pack_shotgun/textures/pd2/blackmarket/icons/weapons/benelli"/>
	<texture path="guis/dlcs/gage_pack_lmg/textures/pd2/blackmarket/icons/weapons/m249"/>
	<texture path="guis/dlcs/gage_pack_lmg/textures/pd2/blackmarket/icons/weapons/msr"/>
	<texture path="guis/dlcs/gage_pack_lmg/textures/pd2/blackmarket/icons/weapons/m95"/>
	<texture path="guis/dlcs/gage_pack_lmg/textures/pd2/blackmarket/icons/weapons/r93"/>
	<texture path="guis/dlcs/hlm2/textures/pd2/blackmarket/icons/weapons/cobray"/>
	<texture path="guis/dlcs/dsg/textures/pd2/blackmarket/icons/weapons/basset"/>
	<texture path="guis/dlcs/dragon/textures/pd2/blackmarket/icons/characters/dragon"/>
	<texture path="guis/dlcs/born/textures/pd2/blackmarket/icons/weapons/hajk"/>
	<texture path="guis/dlcs/big_bank/textures/pd2/blackmarket/icons/weapons/fal"/>
	<texture path="guis/dlcs/berry/textures/pd2/blackmarket/icons/weapons/model70"/>
	<texture path="guis/dlcs/bbq/textures/pd2/blackmarket/icons/weapons/m32"/>
	<texture path="guis/dlcs/character_pack_bonnie/textures/pd2/blackmarket/icons/characters/bonnie"/>
	<texture path="guis/dlcs/character_pack_clover/textures/pd2/blackmarket/icons/characters/female_1"/>
	<texture path="guis/dlcs/character_pack_bonnie/textures/pd2/blackmarket/icons/weapons/b682"/>
	<texture path="guis/dlcs/character_pack_clover/textures/pd2/blackmarket/icons/weapons/l85a2"/>
	<texture path="guis/dlcs/character_pack_dragan/textures/pd2/blackmarket/icons/characters/dragan"/>
	<texture path="guis/dlcs/bbq/textures/pd2/blackmarket/icons/weapons/flamethrower_mk2"/>
	<texture path="guis/dlcs/bbq/textures/pd2/blackmarket/icons/weapons/aa12"/>
	<texture path="guis/dlcs/afp/textures/pd2/blackmarket/icons/weapons/stech"/>
	<texture path="guis/dlcs/afp/textures/pd2/blackmarket/icons/weapons/czech"/>
	<texture path="guis/dlcs/bbq/textures/pd2/blackmarket/icons/weapons/flamethrower_mk1"/>
	<texture path="guis/dlcs/anv/textures/pd2/blackmarket/icons/player_styles/continental_default"/>
	<texture path="guis/dlcs/atw/textures/pd2/blackmarket/icons/weapons/m60"/>
	<texture path="guis/dlcs/atw/textures/pd2/blackmarket/icons/weapons/holt"/>
	<texture path="guis/dlcs/atw/textures/pd2/blackmarket/icons/weapons/r700"/>
	<texture path="guis/dlcs/dragon/textures/pd2/blackmarket/icons/weapons/baka"/>
	<texture path="guis/dlcs/character_pack_dragan/textures/pd2/blackmarket/icons/weapons/vhs"/>
	<texture path="guis/dlcs/character_pack_sokol/textures/pd2/blackmarket/icons/weapons/asval"/>
	<texture path="guis/dlcs/dlc1/textures/pd2/blackmarket/icons/weapons/s552"/>
	<texture path="guis/dlcs/dlc1/textures/pd2/blackmarket/icons/weapons/ppk"/>
	<texture path="guis/dlcs/dlc1/textures/pd2/blackmarket/icons/weapons/m45"/>
	<texture path="guis/dlcs/dlc_arena/textures/pd2/blackmarket/icons/weapons/mateba"/>
	<texture path="guis/dlcs/dlc_pack_overkill/textures/pd2/blackmarket/icons/weapons/rpg7"/>
	<texture path="guis/dlcs/dlc_pack_overkill/textures/pd2/blackmarket/icons/weapons/m134"/>
	<texture path="guis/dlcs/dmg/textures/pd2/blackmarket/icons/weapons/shuno"/>
	<texture path="guis/dlcs/character_pack_sokol/textures/pd2/blackmarket/icons/characters/sokol"/>
	<texture path="guis/dlcs/crime_war/textures/pd2/blackmarket/icons/masks/cw_swat_001_samurai"/>
	<texture path="guis/dlcs/crime_war/textures/pd2/blackmarket/icons/masks/cw_swat_001_mexican"/>
	<texture path="guis/dlcs/chico/textures/pd2/blackmarket/icons/weapons/contraband"/>
	<texture path="guis/dlcs/chico/textures/pd2/blackmarket/icons/characters/chico"/>
	<texture path="guis/dlcs/crime_war/textures/pd2/blackmarket/icons/masks/cw_swat_001_order"/>
	<texture path="guis/dlcs/coco/textures/pd2/blackmarket/icons/characters/jimmy"/>
	<texture path="guis/dlcs/crime_war/textures/pd2/blackmarket/icons/masks/cw_swat_001"/>
	<texture path="guis/dlcs/coco/textures/pd2/blackmarket/icons/weapons/sr2"/>
	<texture path="guis/dlcs/crime_war/textures/pd2/blackmarket/icons/masks/cw_swat_001_crime"/>
	<texture path="guis/dlcs/mods/textures/pd2/blackmarket/icons/player_styles/jumpsuit_nevermore"/>
	<texture path="guis/dlcs/hl_miami/textures/pd2/blackmarket/icons/weapons/scorpion"/>
	<texture path="guis/dlcs/hl_miami/textures/pd2/blackmarket/icons/weapons/uzi"/>
	<texture path="guis/dlcs/mods/textures/pd2/blackmarket/icons/masks/troll_hoxton"/>
	<texture path="guis/dlcs/mods/textures/pd2/blackmarket/icons/masks/troll_dallas"/>
	<texture path="guis/dlcs/mods/textures/pd2/blackmarket/icons/masks/troll_chains"/>
	<texture path="guis/dlcs/mods/textures/pd2/blackmarket/icons/masks/sydney_secret"/>
	<texture path="guis/dlcs/mods/textures/pd2/blackmarket/icons/masks/troll_wolf"/>
	<texture path="guis/dlcs/mods/textures/pd2/blackmarket/icons/masks/voodoo_mask"/>
	<texture path="guis/dlcs/mods/textures/pd2/blackmarket/icons/masks/twister_mask"/>
	<texture path="guis/dlcs/mods/textures/pd2/blackmarket/icons/masks/vyse_chains"/>
	<texture path="guis/dlcs/mods/textures/pd2/blackmarket/icons/masks/vyse_dallas"/>
	<texture path="guis/dlcs/mods/textures/pd2/blackmarket/icons/masks/rubber_male_sc"/>
	<texture path="guis/dlcs/mods/textures/pd2/blackmarket/icons/masks/richard_secret"/>
	<texture path="guis/dlcs/mods/textures/pd2/blackmarket/icons/masks/moderator"/>
	<texture path="guis/dlcs/mods/textures/pd2/blackmarket/icons/masks/male_mask_clown"/>
	<texture path="guis/dlcs/mods/textures/pd2/blackmarket/icons/masks/rubber_female_sc"/>
	<texture path="guis/dlcs/mods/textures/pd2/blackmarket/icons/masks/original_chains"/>
	<texture path="guis/dlcs/mods/textures/pd2/blackmarket/icons/masks/original_hoxton"/>
	<texture path="guis/dlcs/mods/textures/pd2/blackmarket/icons/masks/original_dallas"/>
	<texture path="guis/dlcs/mods/textures/pd2/blackmarket/icons/masks/original_wolf"/>
	<texture path="guis/dlcs/mods/textures/pd2/blackmarket/icons/masks/male_mask_blood"/>
	<texture path="guis/dlcs/mods/textures/pd2/blackmarket/icons/masks/vyse_hoxton"/>
	<texture path="guis/dlcs/mods/textures/pd2/blackmarket/icons/masks/wolf_halloween"/>
	<texture path="guis/dlcs/mods/textures/pd2/blackmarket/icons/player_styles/jumpsuit_dollar"/>
	<texture path="guis/dlcs/mods/textures/pd2/blackmarket/icons/player_styles/jumpsuit_dolg"/>
	<texture path="guis/dlcs/mods/textures/pd2/blackmarket/icons/player_styles/jumpsuit_diamond"/>
	<texture path="guis/dlcs/mods/textures/pd2/blackmarket/icons/player_styles/jumpsuit_hazmat"/>
	<texture path="guis/dlcs/mods/textures/pd2/blackmarket/icons/player_styles/jumpsuit_medic"/>
	<texture path="guis/dlcs/mods/textures/pd2/blackmarket/icons/player_styles/jumpsuit_hox"/>
	<texture path="guis/dlcs/mods/textures/pd2/blackmarket/icons/player_styles/jumpsuit_mint"/>
	<texture path="guis/dlcs/mods/textures/pd2/blackmarket/icons/masks/vyse_wolf"/>
	<texture path="guis/dlcs/mods/textures/pd2/blackmarket/icons/player_styles/jumpsuit_dark"/>
	<texture path="guis/dlcs/mods/textures/pd2/blackmarket/icons/player_styles/continental_glowred"/>
	<texture path="guis/dlcs/mods/textures/pd2/blackmarket/icons/mods/mod_shield"/>
	<texture path="guis/dlcs/mods/textures/pd2/blackmarket/icons/masks/zipper_sc"/>
	<texture path="guis/dlcs/mods/textures/pd2/blackmarket/icons/player_styles/continental_glowyel"/>
	<texture path="guis/dlcs/mods/textures/pd2/blackmarket/icons/mods/wpn_fps_upg_ns_pis_vintage"/>
	<texture path="guis/dlcs/mods/textures/pd2/blackmarket/icons/player_styles/continental_glowblue"/>
	<texture path="guis/dlcs/mods/textures/pd2/blackmarket/icons/player_styles/continental_foster"/>
	<texture path="guis/dlcs/mods/textures/pd2/blackmarket/icons/player_styles/continental_glowpurp"/>
	<texture path="guis/dlcs/hl_miami/textures/pd2/blackmarket/icons/weapons/tec9"/>
	<texture path="guis/dlcs/mods/textures/pd2/blackmarket/icons/masks/male_mask"/>
	<texture path="guis/dlcs/mods/textures/pd2/blackmarket/icons/masks/hoxton_halloween"/>
	<texture path="guis/dlcs/mods/textures/pd2/blackmarket/icons/gloves/heistwrinkled_red"/>
	<texture path="guis/dlcs/mods/textures/pd2/blackmarket/icons/gloves/heistwrinkled_pink"/>
	<texture path="guis/dlcs/mods/textures/pd2/blackmarket/icons/gloves/heistwrinkled_gold"/>
	<texture path="guis/dlcs/mods/textures/pd2/blackmarket/icons/gloves/heistwrinkled_classic"/>
	<texture path="guis/dlcs/mods/textures/pd2/blackmarket/icons/gloves/heistwrinkled_sniper"/>
	<texture path="guis/dlcs/mods/textures/pd2/blackmarket/icons/gloves/theheat"/>
	<texture path="guis/dlcs/mods/textures/pd2/blackmarket/icons/gloves/heistwrinkled_wick"/>
	<texture path="guis/dlcs/mods/textures/pd2/blackmarket/icons/gloves/tipless"/>
	<texture path="guis/dlcs/mods/textures/pd2/blackmarket/icons/masks/beeef_chains"/>
	<texture path="guis/dlcs/max/textures/pd2/blackmarket/icons/weapons/chinchilla"/>
	<texture path="guis/dlcs/mad/textures/pd2/blackmarket/icons/weapons/pl14"/>
	<texture path="guis/dlcs/joy/textures/pd2/blackmarket/icons/characters/joy"/>
	<texture path="guis/dlcs/hnd/textures/pd2/blackmarket/icons/gloves/sneak"/>
	<texture path="guis/dlcs/max/textures/pd2/blackmarket/icons/characters/max"/>
	<texture path="guis/dlcs/joy/textures/pd2/blackmarket/icons/weapons/shepheard"/>
	<texture path="guis/dlcs/khp/textures/pd2/blackmarket/icons/weapons/legacy"/>
	<texture path="guis/dlcs/kenaz/textures/pd2/blackmarket/icons/weapons/sub2000"/>
	<texture path="guis/dlcs/lupus/textures/pd2/blackmarket/icons/weapons/china"/>
	<texture path="guis/dlcs/mods/textures/pd2/blackmarket/icons/masks/hoxton_secret_reborn"/>
	<texture path="guis/dlcs/mods/textures/pd2/blackmarket/icons/masks/beeef_dallas"/>
	<texture path="guis/dlcs/mods/textures/pd2/blackmarket/icons/masks/beeef_wolf"/>
	<texture path="guis/dlcs/mods/textures/pd2/blackmarket/icons/masks/gold_chains"/>
	<texture path="guis/dlcs/mods/textures/pd2/blackmarket/icons/masks/female_mask_clown"/>
	<texture path="guis/dlcs/mods/textures/pd2/blackmarket/icons/masks/female_mask_blood"/>
	<texture path="guis/dlcs/mods/textures/pd2/blackmarket/icons/masks/gold_dallas"/>
	<texture path="guis/dlcs/mods/textures/pd2/blackmarket/icons/masks/gold_wolf"/>
	<texture path="guis/dlcs/mods/textures/pd2/blackmarket/icons/masks/gold_hoxton"/>
	<texture path="guis/dlcs/mods/textures/pd2/blackmarket/icons/masks/hockey_sc"/>
	<texture path="guis/dlcs/mods/textures/pd2/blackmarket/icons/masks/beeef_hoxton"/>
	<texture path="guis/dlcs/mods/textures/pd2/blackmarket/icons/masks/female_mask"/>
	<texture path="guis/dlcs/mods/textures/pd2/blackmarket/icons/masks/dowom"/>
	<texture path="guis/dlcs/mods/textures/pd2/blackmarket/icons/masks/chains_halloween"/>
	<texture path="guis/dlcs/mods/textures/pd2/blackmarket/icons/masks/bonnie_secret"/>
	<texture path="guis/dlcs/mods/textures/pd2/blackmarket/icons/masks/dragan_secret"/>
	<texture path="guis/dlcs/mods/textures/pd2/blackmarket/icons/masks/classic_helmet"/>
	<texture path="guis/dlcs/mods/textures/pd2/blackmarket/icons/masks/dallas_halloween"/>
	<texture path="guis/dlcs/mods/textures/pd2/blackmarket/icons/masks/clover_secret"/>
	<texture path="guis/dlcs/mods/textures/pd2/blackmarket/icons/masks/developer"/>
	<texture path="guis/textures/pd2/blackmarket/icons/weapons/vhs"/>
</table>
